,open,high,low,close,adjclose,volume,ticker
2019-01-15,43.54999923706055,44.290000915527344,43.349998474121094,44.25,42.313697814941406,6481700,SCHW
2019-01-16,45.650001525878906,47.18000030517578,44.9900016784668,46.70000076293945,44.656497955322266,12599700,SCHW
2019-01-17,46.369998931884766,47.25,46.029998779296875,46.91999816894531,44.866859436035156,7783200,SCHW
2019-01-18,47.220001220703125,48.20000076293945,46.93000030517578,47.97999954223633,45.88048553466797,7954800,SCHW
2019-01-22,47.650001525878906,47.97999954223633,47.18000030517578,47.470001220703125,45.39280319213867,9036600,SCHW
2019-01-23,47.959999084472656,47.959999084472656,46.810001373291016,47.31999969482422,45.24937438964844,6993100,SCHW
2019-01-24,47.209999084472656,47.849998474121094,47.13999938964844,47.380001068115234,45.30674362182617,4317700,SCHW
2019-01-25,48.150001525878906,48.22999954223633,47.54999923706055,47.970001220703125,45.870914459228516,7786800,SCHW
2019-01-28,47.459999084472656,47.869998931884766,47.2599983215332,47.52000045776367,45.44062042236328,7852500,SCHW
2019-01-29,47.439998626708984,47.810001373291016,47.06999969482422,47.720001220703125,45.63186264038086,5303300,SCHW
2019-01-30,47.810001373291016,47.810001373291016,46.7599983215332,46.869998931884766,44.81904983520508,7874900,SCHW
2019-01-31,46.720001220703125,46.95000076293945,46.43000030517578,46.77000045776367,44.72343444824219,8322200,SCHW
2019-02-01,46.880001068115234,47.52000045776367,46.77000045776367,47.029998779296875,44.97205352783203,6323300,SCHW
2019-02-04,47.0,47.220001220703125,46.810001373291016,47.20000076293945,45.13461685180664,5377700,SCHW
2019-02-05,47.20000076293945,47.5,46.119998931884766,46.59000015258789,44.55130386352539,11507300,SCHW
2019-02-06,46.33000183105469,46.689998626708984,45.79999923706055,46.11000061035156,44.09231185913086,6299300,SCHW
2019-02-07,45.7599983215332,46.0,44.77000045776367,45.18000030517578,43.203006744384766,6526100,SCHW
2019-02-08,44.84000015258789,45.0,43.880001068115234,44.7599983215332,42.801387786865234,6512100,SCHW
2019-02-11,45.040000915527344,45.209999084472656,44.5,44.7400016784668,42.78225326538086,4456200,SCHW
2019-02-12,45.25,46.13999938964844,45.119998931884766,45.880001068115234,43.872379302978516,7018200,SCHW
2019-02-13,46.119998931884766,46.61000061035156,45.869998931884766,45.97999954223633,44.13152313232422,6148400,SCHW
2019-02-14,45.29999923706055,45.560001373291016,44.7400016784668,45.290000915527344,43.469268798828125,6082500,SCHW
2019-02-15,45.75,46.380001068115234,45.63999938964844,46.36000061035156,44.496246337890625,7000200,SCHW
2019-02-19,46.0,47.20000076293945,46.0,47.060001373291016,45.1681022644043,4977700,SCHW
2019-02-20,46.060001373291016,46.52000045776367,45.70000076293945,46.45000076293945,44.5826301574707,8832300,SCHW
2019-02-21,46.25,46.45000076293945,45.59000015258789,45.720001220703125,43.88197708129883,5519500,SCHW
2019-02-22,45.90999984741211,46.18000030517578,45.75,46.16999816894531,44.31388473510742,3571800,SCHW
2019-02-25,46.63999938964844,46.959999084472656,45.970001220703125,46.0099983215332,44.160316467285156,5391000,SCHW
2019-02-26,45.77000045776367,46.939998626708984,45.7599983215332,46.560001373291016,44.68820571899414,3938100,SCHW
2019-02-27,46.56999969482422,46.880001068115234,46.40999984741211,46.56999969482422,44.69779968261719,3582500,SCHW
2019-02-28,46.54999923706055,46.689998626708984,45.97999954223633,46.0099983215332,44.160316467285156,5900400,SCHW
2019-03-01,46.4900016784668,47.099998474121094,46.439998626708984,46.810001373291016,44.928157806396484,7009000,SCHW
2019-03-04,47.0,47.060001373291016,45.13999938964844,45.650001525878906,43.814788818359375,6353900,SCHW
2019-03-05,45.75,46.029998779296875,45.220001220703125,45.880001068115234,44.035545349121094,4432300,SCHW
2019-03-06,45.84000015258789,46.15999984741211,45.22999954223633,45.2599983215332,43.440467834472656,3776300,SCHW
2019-03-07,44.959999084472656,45.0099983215332,43.4900016784668,44.02000045776367,42.25032043457031,7948300,SCHW
2019-03-08,43.630001068115234,43.66999816894531,43.11000061035156,43.45000076293945,41.7032356262207,6597900,SCHW
2019-03-11,43.75,44.18000030517578,43.52000045776367,43.790000915527344,42.02956008911133,6048500,SCHW
2019-03-12,43.939998626708984,44.15999984741211,43.72999954223633,43.9900016784668,42.221527099609375,4524200,SCHW
2019-03-13,44.369998931884766,44.630001068115234,44.15999984741211,44.40999984741211,42.624637603759766,5602000,SCHW
2019-03-14,44.27000045776367,45.36000061035156,44.0099983215332,45.29999923706055,43.478858947753906,9023400,SCHW
2019-03-15,45.20000076293945,45.689998626708984,45.20000076293945,45.45000076293945,43.622833251953125,7283900,SCHW
2019-03-18,45.66999816894531,46.0,45.61000061035156,45.900001525878906,44.05473709106445,3489100,SCHW
2019-03-19,46.279998779296875,46.68000030517578,45.59000015258789,45.7400016784668,43.90116500854492,4462000,SCHW
2019-03-20,45.58000183105469,45.91999816894531,44.5,44.560001373291016,42.76861572265625,8102100,SCHW
2019-03-21,44.2400016784668,44.4900016784668,43.779998779296875,43.810001373291016,42.04875946044922,8840300,SCHW
2019-03-22,43.130001068115234,43.349998474121094,41.54999923706055,41.79999923706055,40.11956787109375,11708700,SCHW
2019-03-25,41.849998474121094,42.25,41.459999084472656,41.83000183105469,40.14836120605469,7921700,SCHW
2019-03-26,42.310001373291016,42.75,42.209999084472656,42.54999923706055,40.83941650390625,10285400,SCHW
2019-03-27,42.5,42.529998779296875,41.59000015258789,41.90999984741211,40.22514724731445,6557300,SCHW
2019-03-28,42.040000915527344,42.689998626708984,41.7599983215332,42.689998626708984,40.973793029785156,8217000,SCHW
2019-03-29,43.209999084472656,43.290000915527344,42.709999084472656,42.7599983215332,41.040977478027344,6539600,SCHW
2019-04-01,43.349998474121094,44.2400016784668,43.20000076293945,44.130001068115234,42.35590362548828,5281300,SCHW
2019-04-02,43.880001068115234,44.41999816894531,43.68000030517578,44.380001068115234,42.595848083496094,4147800,SCHW
2019-04-03,44.88999938964844,44.95000076293945,44.41999816894531,44.630001068115234,42.83580017089844,5965500,SCHW
2019-04-04,44.630001068115234,44.970001220703125,44.630001068115234,44.869998931884766,43.06614685058594,9045100,SCHW
2019-04-05,44.95000076293945,44.9900016784668,44.40999984741211,44.54999923706055,42.75901412963867,6729100,SCHW
2019-04-08,44.34000015258789,44.790000915527344,44.130001068115234,44.779998779296875,42.97976303100586,8416000,SCHW
2019-04-09,44.29999923706055,44.630001068115234,44.08000183105469,44.45000076293945,42.66303634643555,6747900,SCHW
2019-04-10,44.470001220703125,44.470001220703125,43.970001220703125,44.27000045776367,42.490272521972656,5796400,SCHW
2019-04-11,44.47999954223633,44.7400016784668,44.04999923706055,44.2599983215332,42.48067092895508,6533500,SCHW
2019-04-12,45.0,45.790000915527344,44.95000076293945,45.349998474121094,43.526851654052734,6815800,SCHW
2019-04-15,46.75,46.75,44.5,45.029998779296875,43.2197151184082,8764700,SCHW
2019-04-16,45.2599983215332,45.77000045776367,45.15999984741211,45.65999984741211,43.82438659667969,6166200,SCHW
2019-04-17,45.91999816894531,46.189998626708984,45.29999923706055,46.099998474121094,44.24669647216797,7102000,SCHW
2019-04-18,45.79999923706055,46.0,44.91999816894531,45.54999923706055,43.71880340576172,5666700,SCHW
2019-04-22,45.4900016784668,45.54999923706055,45.18000030517578,45.45000076293945,43.622833251953125,4923500,SCHW
2019-04-23,45.31999969482422,45.86000061035156,45.08000183105469,45.560001373291016,43.72841262817383,6883300,SCHW
2019-04-24,45.34000015258789,45.34000015258789,44.369998931884766,45.06999969482422,43.25810623168945,4959900,SCHW
2019-04-25,44.95000076293945,45.77000045776367,44.77000045776367,45.310001373291016,43.48845672607422,4214600,SCHW
2019-04-26,45.290000915527344,45.400001525878906,44.40999984741211,44.900001525878906,43.09494400024414,6664200,SCHW
2019-04-29,45.119998931884766,46.08000183105469,45.04999923706055,45.900001525878906,44.05473709106445,5292200,SCHW
2019-04-30,45.849998474121094,46.13999938964844,45.11000061035156,45.779998779296875,43.9395637512207,6629000,SCHW
2019-05-01,45.959999084472656,46.18000030517578,45.09000015258789,45.560001373291016,43.72841262817383,7019300,SCHW
2019-05-02,45.4900016784668,46.33000183105469,45.40999984741211,45.880001068115234,44.035545349121094,4387300,SCHW
2019-05-03,46.060001373291016,46.540000915527344,45.90999984741211,46.2400016784668,44.381080627441406,4085700,SCHW
2019-05-06,45.38999938964844,46.40999984741211,45.099998474121094,46.2599983215332,44.40026092529297,4663600,SCHW
2019-05-07,45.66999816894531,46.150001525878906,45.29999923706055,45.68000030517578,43.84358596801758,7113900,SCHW
2019-05-08,45.54999923706055,46.150001525878906,45.52000045776367,45.58000183105469,43.74760055541992,3600700,SCHW
2019-05-09,44.900001525878906,45.86000061035156,44.4900016784668,45.81999969482422,43.97795486450195,6288800,SCHW
2019-05-10,45.59000015258789,46.150001525878906,44.720001220703125,45.849998474121094,44.00674057006836,6131900,SCHW
2019-05-13,44.81999969482422,44.959999084472656,43.619998931884766,43.810001373291016,42.04875946044922,7829000,SCHW
2019-05-14,43.709999084472656,44.790000915527344,43.619998931884766,44.34000015258789,42.723236083984375,5098200,SCHW
2019-05-15,43.65999984741211,43.77000045776367,42.72999954223633,42.7400016784668,41.181575775146484,10343600,SCHW
2019-05-16,43.0099983215332,44.11000061035156,42.959999084472656,43.7400016784668,42.145118713378906,8458500,SCHW
2019-05-17,43.2599983215332,43.900001525878906,43.040000915527344,43.209999084472656,41.63443374633789,8971000,SCHW
2019-05-20,43.130001068115234,43.779998779296875,43.08000183105469,43.54999923706055,41.96204376220703,7055000,SCHW
2019-05-21,43.81999969482422,44.2599983215332,43.70000076293945,44.02000045776367,42.41490173339844,5868400,SCHW
2019-05-22,43.7400016784668,43.84000015258789,43.40999984741211,43.56999969482422,41.98130798339844,5378600,SCHW
2019-05-23,43.060001373291016,43.060001373291016,42.220001220703125,42.540000915527344,40.98887252807617,9351700,SCHW
2019-05-24,42.720001220703125,43.34000015258789,42.720001220703125,43.25,41.6729736328125,4153200,SCHW
2019-05-28,43.18000030517578,43.36000061035156,42.7599983215332,42.790000915527344,41.22975540161133,5174800,SCHW
2019-05-29,42.41999816894531,42.91999816894531,41.95000076293945,42.77000045776367,41.210479736328125,6469800,SCHW
2019-05-30,42.959999084472656,43.290000915527344,42.36000061035156,42.54999923706055,40.998504638671875,6270000,SCHW
2019-05-31,41.90999984741211,42.13999938964844,41.45000076293945,41.61000061035156,40.09278106689453,9217900,SCHW
2019-06-03,41.439998626708984,42.25,41.349998474121094,41.630001068115234,40.1120491027832,7054500,SCHW
2019-06-04,42.36000061035156,43.95000076293945,42.34000015258789,43.84000015258789,42.2414665222168,8709600,SCHW
2019-06-05,43.86000061035156,44.04999923706055,43.310001373291016,43.779998779296875,42.18365478515625,6189700,SCHW
2019-06-06,43.720001220703125,44.150001525878906,43.47999954223633,43.93000030517578,42.328182220458984,5798700,SCHW
2019-06-07,43.88999938964844,43.97999954223633,42.86000061035156,43.0,41.43209457397461,7468400,SCHW
2019-06-10,43.45000076293945,44.040000915527344,43.189998626708984,43.310001373291016,41.73079299926758,7054700,SCHW
2019-06-11,43.75,43.880001068115234,42.70000076293945,42.849998474121094,41.28756332397461,7601300,SCHW
2019-06-12,42.72999954223633,42.880001068115234,41.68000030517578,42.099998474121094,40.564910888671875,7755400,SCHW
2019-06-13,42.18000030517578,42.66999816894531,42.18000030517578,42.36000061035156,40.815433502197266,7258000,SCHW
2019-06-14,42.33000183105469,42.459999084472656,40.619998931884766,41.0099983215332,39.514652252197266,14013400,SCHW
2019-06-17,41.029998779296875,41.459999084472656,40.4900016784668,40.61000061035156,39.12923812866211,9341700,SCHW
2019-06-18,40.15999984741211,41.439998626708984,40.060001373291016,40.90999984741211,39.41830062866211,10194200,SCHW
2019-06-19,41.029998779296875,41.2599983215332,39.7599983215332,39.88999938964844,38.43549346923828,12627600,SCHW
2019-06-20,40.18000030517578,40.31999969482422,39.36000061035156,40.029998779296875,38.570396423339844,12498800,SCHW
2019-06-21,40.290000915527344,40.790000915527344,40.119998931884766,40.630001068115234,39.14851379394531,11441300,SCHW
2019-06-24,40.189998626708984,40.34000015258789,39.130001068115234,39.150001525878906,37.722476959228516,9905500,SCHW
2019-06-25,39.0099983215332,39.529998779296875,38.33000183105469,39.22999954223633,37.799560546875,14207500,SCHW
2019-06-26,39.369998931884766,39.9900016784668,39.310001373291016,39.66999816894531,38.22351837158203,8437800,SCHW
2019-06-27,39.709999084472656,40.7400016784668,39.709999084472656,40.20000076293945,38.734195709228516,10128100,SCHW
2019-06-28,40.65999984741211,41.209999084472656,40.119998931884766,40.189998626708984,38.72455596923828,15515700,SCHW
2019-07-01,40.880001068115234,41.18000030517578,40.41999816894531,40.7599983215332,39.273765563964844,21507800,SCHW
2019-07-02,40.459999084472656,40.7400016784668,40.130001068115234,40.189998626708984,38.72455596923828,6426900,SCHW
2019-07-03,40.40999984741211,40.59000015258789,40.150001525878906,40.45000076293945,38.975074768066406,3019500,SCHW
2019-07-05,40.81999969482422,41.47999954223633,40.72999954223633,40.86000061035156,39.37012481689453,6522300,SCHW
2019-07-08,40.380001068115234,40.83000183105469,39.90999984741211,39.9900016784668,38.53185272216797,7209400,SCHW
2019-07-09,39.75,40.310001373291016,39.61000061035156,40.27000045776367,38.80164337158203,7138800,SCHW
2019-07-10,39.88999938964844,40.41999816894531,39.29999923706055,39.65999984741211,38.21388244628906,8562400,SCHW
2019-07-11,39.849998474121094,40.540000915527344,39.65999984741211,40.459999084472656,38.984710693359375,6566100,SCHW
2019-07-12,40.25,40.369998931884766,39.900001525878906,40.130001068115234,38.666744232177734,9983700,SCHW
2019-07-15,40.20000076293945,42.130001068115234,39.869998931884766,40.29999923706055,38.830543518066406,8655000,SCHW
2019-07-16,41.0,42.13999938964844,40.900001525878906,41.630001068115234,40.1120491027832,16155400,SCHW
2019-07-17,41.459999084472656,41.61000061035156,40.810001373291016,41.209999084472656,39.70736312866211,7673800,SCHW
2019-07-18,41.310001373291016,42.09000015258789,41.150001525878906,41.47999954223633,39.967525482177734,10955600,SCHW
2019-07-19,41.75,43.040000915527344,41.630001068115234,42.720001220703125,41.16231155395508,12138900,SCHW
2019-07-22,42.7599983215332,43.45000076293945,42.560001373291016,43.15999984741211,41.58626174926758,8774200,SCHW
2019-07-23,43.2599983215332,43.75,43.220001220703125,43.529998779296875,41.9427604675293,10277000,SCHW
2019-07-24,43.4900016784668,44.279998779296875,43.459999084472656,44.279998779296875,42.665428161621094,11347300,SCHW
2019-07-25,44.45000076293945,44.54999923706055,43.7599983215332,44.06999969482422,42.463077545166016,8571800,SCHW
2019-07-26,44.08000183105469,44.2400016784668,43.709999084472656,44.04999923706055,42.443809509277344,12260400,SCHW
2019-07-29,43.900001525878906,44.09000015258789,43.5099983215332,43.709999084472656,42.116207122802734,7837500,SCHW
2019-07-30,43.310001373291016,43.38999938964844,42.79999923706055,43.02000045776367,41.45136642456055,6223400,SCHW
2019-07-31,43.16999816894531,43.4900016784668,42.79999923706055,43.220001220703125,41.644073486328125,9018400,SCHW
2019-08-01,42.93000030517578,43.02000045776367,41.119998931884766,41.290000915527344,39.78445053100586,21228900,SCHW
2019-08-02,41.31999969482422,41.54999923706055,40.33000183105469,40.75,39.26414108276367,8811900,SCHW
2019-08-05,39.81999969482422,39.900001525878906,38.45000076293945,38.84000015258789,37.42378234863281,13878300,SCHW
2019-08-06,39.36000061035156,39.56999969482422,38.72999954223633,39.40999984741211,37.97299575805664,9930000,SCHW
2019-08-07,38.380001068115234,38.43000030517578,37.099998474121094,37.58000183105469,36.2097282409668,21892100,SCHW
2019-08-08,37.689998626708984,37.79999923706055,37.15999984741211,37.45000076293945,36.248443603515625,14452100,SCHW
2019-08-09,37.189998626708984,37.34000015258789,36.4900016784668,36.869998931884766,35.68705368041992,13647600,SCHW
2019-08-12,36.349998474121094,36.529998779296875,36.0099983215332,36.40999984741211,35.2418098449707,8733200,SCHW
2019-08-13,36.33000183105469,38.02000045776367,36.279998779296875,37.68000030517578,36.47106170654297,11376700,SCHW
2019-08-14,36.52000045776367,37.130001068115234,36.09000015258789,36.59000015258789,35.416038513183594,13862200,SCHW
2019-08-15,36.849998474121094,37.040000915527344,36.099998474121094,36.560001373291016,35.38699722290039,7587100,SCHW
2019-08-16,36.849998474121094,37.529998779296875,36.779998779296875,37.13999938964844,35.948387145996094,6311800,SCHW
2019-08-19,37.849998474121094,38.09000015258789,37.459999084472656,37.70000076293945,36.49042510986328,5361700,SCHW
2019-08-20,37.400001525878906,37.59000015258789,37.0099983215332,37.31999969482422,36.12261199951172,6790500,SCHW
2019-08-21,37.869998931884766,37.900001525878906,37.349998474121094,37.61000061035156,36.4033088684082,4950400,SCHW
2019-08-22,37.9900016784668,38.15999984741211,37.619998931884766,37.869998931884766,36.654964447021484,6901600,SCHW
2019-08-23,37.54999923706055,38.029998779296875,36.349998474121094,36.58000183105469,35.40635681152344,8736700,SCHW
2019-08-26,37.0,37.150001525878906,36.52000045776367,36.66999816894531,35.49346160888672,5920500,SCHW
2019-08-27,36.84000015258789,37.099998474121094,36.11000061035156,36.119998931884766,34.96110534667969,9081800,SCHW
2019-08-28,35.869998931884766,36.81999969482422,35.849998474121094,36.72999954223633,35.55154037475586,10094400,SCHW
2019-08-29,37.09000015258789,37.95000076293945,37.060001373291016,37.7599983215332,36.548492431640625,7658200,SCHW
2019-08-30,38.18000030517578,38.41999816894531,37.90999984741211,38.27000045776367,37.042137145996094,6896900,SCHW
2019-09-03,38.0099983215332,38.11000061035156,37.29999923706055,37.959999084472656,36.7420768737793,7749800,SCHW
2019-09-04,38.529998779296875,38.72999954223633,38.33000183105469,38.66999816894531,37.42930221557617,6904000,SCHW
2019-09-05,39.4900016784668,40.369998931884766,39.31999969482422,39.619998931884766,38.348819732666016,9395000,SCHW
2019-09-06,39.59000015258789,40.099998474121094,39.439998626708984,39.900001525878906,38.61983108520508,7047900,SCHW
2019-09-09,40.279998779296875,41.31999969482422,40.279998779296875,41.099998474121094,39.78133010864258,7962500,SCHW
2019-09-10,41.369998931884766,41.95000076293945,41.27000045776367,41.95000076293945,40.604068756103516,8701400,SCHW
2019-09-11,42.0,42.779998779296875,41.5099983215332,42.7599983215332,41.3880729675293,6799700,SCHW
2019-09-12,42.15999984741211,43.15999984741211,41.68000030517578,43.06999969482422,41.68812561035156,8829400,SCHW
2019-09-13,43.599998474121094,44.0,43.4900016784668,43.619998931884766,42.22047805786133,6777600,SCHW
2019-09-16,43.08000183105469,43.7400016784668,42.9900016784668,43.599998474121094,42.20112609863281,6585000,SCHW
2019-09-17,43.130001068115234,43.220001220703125,42.650001525878906,43.11000061035156,41.72684860229492,6244300,SCHW
2019-09-18,42.66999816894531,43.36000061035156,42.22999954223633,43.22999954223633,41.842994689941406,6663000,SCHW
2019-09-19,43.13999938964844,43.33000183105469,42.7400016784668,42.91999816894531,41.542945861816406,4935700,SCHW
2019-09-20,42.9900016784668,43.400001525878906,42.75,42.779998779296875,41.407432556152344,10962100,SCHW
2019-09-23,42.25,42.81999969482422,41.939998626708984,42.58000183105469,41.21385192871094,4463300,SCHW
2019-09-24,42.779998779296875,42.95000076293945,41.56999969482422,41.790000915527344,40.449195861816406,5693600,SCHW
2019-09-25,41.81999969482422,42.34000015258789,41.68000030517578,41.79999923706055,40.4588737487793,7229200,SCHW
2019-09-26,41.689998626708984,41.79999923706055,40.63999938964844,40.88999938964844,39.57807540893555,8429200,SCHW
2019-09-27,41.279998779296875,41.61000061035156,41.150001525878906,41.40999984741211,40.081382751464844,6272300,SCHW
2019-09-30,41.7400016784668,41.93000030517578,41.29999923706055,41.83000183105469,40.4879150390625,4931400,SCHW
2019-10-01,39.79999923706055,39.880001068115234,36.91999816894531,37.7599983215332,36.548492431640625,35680100,SCHW
2019-10-02,37.209999084472656,37.36000061035156,36.40999984741211,36.5099983215332,35.338592529296875,20944000,SCHW
2019-10-03,36.13999938964844,36.43000030517578,34.91999816894531,35.099998474121094,33.97383499145508,24552800,SCHW
2019-10-04,35.099998474121094,35.790000915527344,35.08000183105469,35.66999816894531,34.52555465698242,14326700,SCHW
2019-10-07,35.869998931884766,36.150001525878906,35.439998626708984,35.45000076293945,34.31260681152344,10249300,SCHW
2019-10-08,35.0,35.41999816894531,34.58000183105469,35.22999954223633,34.099666595458984,13000100,SCHW
2019-10-09,35.59000015258789,36.060001373291016,35.4900016784668,35.66999816894531,34.52555465698242,14228200,SCHW
2019-10-10,36.20000076293945,36.58000183105469,35.9900016784668,36.13999938964844,34.98047637939453,13028000,SCHW
2019-10-11,36.9900016784668,37.709999084472656,36.81999969482422,37.279998779296875,36.08388900756836,11315900,SCHW
2019-10-14,37.029998779296875,37.83000183105469,37.029998779296875,37.720001220703125,36.50978088378906,9452500,SCHW
2019-10-15,38.970001220703125,40.22999954223633,38.27000045776367,39.7400016784668,38.4649658203125,12800400,SCHW
2019-10-16,38.68000030517578,39.56999969482422,38.66999816894531,39.02000045776367,37.768070220947266,13056700,SCHW
2019-10-17,39.560001373291016,39.72999954223633,39.20000076293945,39.45000076293945,38.18427276611328,6928300,SCHW
2019-10-18,39.43000030517578,40.04999923706055,39.43000030517578,39.939998626708984,38.658546447753906,7582800,SCHW
2019-10-21,40.529998779296875,41.0099983215332,40.22999954223633,40.900001525878906,39.58775329589844,7654700,SCHW
2019-10-22,40.88999938964844,41.439998626708984,40.63999938964844,40.91999816894531,39.60710525512695,7142600,SCHW
2019-10-23,40.77000045776367,41.540000915527344,40.650001525878906,41.369998931884766,40.04267120361328,5969800,SCHW
2019-10-24,41.41999816894531,41.47999954223633,40.58000183105469,40.9900016784668,39.674869537353516,6359100,SCHW
2019-10-25,40.75,41.2599983215332,40.61000061035156,40.97999954223633,39.665184020996094,3928100,SCHW
2019-10-28,41.18000030517578,41.77000045776367,41.04999923706055,41.47999954223633,40.14915084838867,5534500,SCHW
2019-10-29,41.18000030517578,41.599998474121094,40.869998931884766,40.959999084472656,39.64582443237305,5708300,SCHW
2019-10-30,40.75,41.65999984741211,40.45000076293945,41.29999923706055,39.974918365478516,5284700,SCHW
2019-10-31,41.04999923706055,41.29999923706055,40.0099983215332,40.709999084472656,39.40385055541992,7119700,SCHW
2019-11-01,41.209999084472656,42.02000045776367,41.189998626708984,41.779998779296875,40.43951416015625,6238700,SCHW
2019-11-04,42.2599983215332,43.31999969482422,42.099998474121094,43.220001220703125,41.83332061767578,8368800,SCHW
2019-11-05,43.25,43.70000076293945,42.66999816894531,43.41999816894531,42.026893615722656,8986000,SCHW
2019-11-06,43.279998779296875,43.560001373291016,42.970001220703125,43.08000183105469,41.69781494140625,4888400,SCHW
2019-11-07,43.529998779296875,43.849998474121094,43.290000915527344,43.5,42.271141052246094,5835000,SCHW
2019-11-08,43.470001220703125,43.779998779296875,43.34000015258789,43.540000915527344,42.31000900268555,4274200,SCHW
2019-11-11,43.11000061035156,43.540000915527344,43.060001373291016,43.22999954223633,42.008766174316406,3455200,SCHW
2019-11-12,43.34000015258789,43.900001525878906,43.119998931884766,43.47999954223633,42.25170135498047,3887100,SCHW
2019-11-13,43.0099983215332,43.0099983215332,42.40999984741211,42.810001373291016,41.60063171386719,4443900,SCHW
2019-11-14,42.70000076293945,43.40999984741211,42.439998626708984,43.380001068115234,42.15452575683594,5358000,SCHW
2019-11-15,43.779998779296875,44.439998626708984,43.630001068115234,44.349998474121094,43.09711837768555,7064400,SCHW
2019-11-18,44.27000045776367,44.349998474121094,43.560001373291016,44.18000030517578,42.93193435668945,6983100,SCHW
2019-11-19,44.43000030517578,44.779998779296875,44.209999084472656,44.400001525878906,43.14571762084961,6093500,SCHW
2019-11-20,44.06999969482422,44.810001373291016,43.630001068115234,44.75,43.48583221435547,6188200,SCHW
2019-11-21,50.02000045776367,50.970001220703125,47.5,48.029998779296875,46.67316818237305,42834400,SCHW
2019-11-22,47.68000030517578,48.599998474121094,47.40999984741211,48.20000076293945,46.83837127685547,16855500,SCHW
2019-11-25,47.70000076293945,49.4900016784668,47.38999938964844,49.310001373291016,47.91701126098633,37435100,SCHW
2019-11-26,49.220001220703125,49.790000915527344,48.65999984741211,49.2400016784668,47.84899139404297,23072200,SCHW
2019-11-27,49.59000015258789,50.04999923706055,49.189998626708984,49.84000015258789,48.432037353515625,11805900,SCHW
2019-11-29,49.54999923706055,50.02000045776367,49.34000015258789,49.5,48.10164260864258,4867700,SCHW
2019-12-02,49.959999084472656,50.33000183105469,49.56999969482422,49.56999969482422,48.16965866088867,11375200,SCHW
2019-12-03,49.02000045776367,49.099998474121094,48.31999969482422,48.65999984741211,47.285369873046875,11151000,SCHW
2019-12-04,48.63999938964844,49.38999938964844,48.63999938964844,49.029998779296875,47.64491653442383,6799000,SCHW
2019-12-05,49.27000045776367,49.29999923706055,48.5,48.7400016784668,47.36310577392578,9766900,SCHW
2019-12-06,49.56999969482422,49.970001220703125,48.91999816894531,48.95000076293945,47.56717300415039,14627100,SCHW
2019-12-09,48.900001525878906,49.04999923706055,48.630001068115234,48.95000076293945,47.56717300415039,7147400,SCHW
2019-12-10,48.810001373291016,49.2400016784668,48.66999816894531,49.189998626708984,47.80039596557617,8317700,SCHW
2019-12-11,48.93000030517578,49.61000061035156,48.90999984741211,49.599998474121094,48.198814392089844,11033600,SCHW
2019-12-12,49.84000015258789,51.650001525878906,49.65999984741211,51.06999969482422,49.627288818359375,16916600,SCHW
2019-12-13,51.150001525878906,51.36000061035156,49.810001373291016,49.95000076293945,48.53892517089844,15217100,SCHW
2019-12-16,50.5,50.52000045776367,49.68000030517578,49.720001220703125,48.315425872802734,11036800,SCHW
2019-12-17,49.560001373291016,49.709999084472656,49.439998626708984,49.4900016784668,48.0919189453125,9239100,SCHW
2019-12-18,49.650001525878906,49.650001525878906,48.54999923706055,48.65999984741211,47.285369873046875,19820300,SCHW
2019-12-19,48.65999984741211,48.880001068115234,47.959999084472656,48.20000076293945,46.83837127685547,9618000,SCHW
2019-12-20,48.290000915527344,48.400001525878906,47.900001525878906,48.119998931884766,46.760623931884766,15327300,SCHW
2019-12-23,48.43000030517578,48.849998474121094,48.029998779296875,48.709999084472656,47.33395004272461,6931800,SCHW
2019-12-24,48.810001373291016,48.810001373291016,48.34000015258789,48.709999084472656,47.33395004272461,1819000,SCHW
2019-12-26,48.7599983215332,48.91999816894531,48.5099983215332,48.56999969482422,47.19791030883789,3408600,SCHW
2019-12-27,48.54999923706055,48.70000076293945,48.27000045776367,48.34000015258789,46.97441482543945,3733600,SCHW
2019-12-30,48.5,48.630001068115234,47.7400016784668,47.81999969482422,46.46909713745117,5121400,SCHW
2019-12-31,47.83000183105469,47.939998626708984,47.38999938964844,47.560001373291016,46.21644973754883,8841400,SCHW
2020-01-02,47.7599983215332,48.380001068115234,47.54999923706055,48.22999954223633,46.86751174926758,5644800,SCHW
2020-01-03,47.439998626708984,47.599998474121094,46.900001525878906,47.0099983215332,45.68198013305664,6698900,SCHW
2020-01-06,46.650001525878906,47.38999938964844,46.59000015258789,47.34000015258789,46.002655029296875,6804300,SCHW
2020-01-07,47.34000015258789,48.0099983215332,47.29999923706055,47.619998931884766,46.274749755859375,9985100,SCHW
2020-01-08,47.470001220703125,48.0,47.38999938964844,47.90999984741211,46.556556701660156,10887000,SCHW
2020-01-09,48.5,48.540000915527344,47.88999938964844,48.11000061035156,46.75090789794922,9749600,SCHW
2020-01-10,48.130001068115234,48.15999984741211,47.619998931884766,47.79999923706055,46.449668884277344,7452900,SCHW
2020-01-13,48.16999816894531,48.25,47.779998779296875,48.02000045776367,46.663448333740234,8906000,SCHW
2020-01-14,48.06999969482422,48.119998931884766,47.540000915527344,47.709999084472656,46.362205505371094,8874500,SCHW
2020-01-15,47.310001373291016,47.650001525878906,46.93000030517578,47.119998931884766,45.78887939453125,7654900,SCHW
2020-01-16,46.9900016784668,49.06999969482422,46.97999954223633,49.0,47.61576843261719,13752200,SCHW
2020-01-17,49.099998474121094,49.2599983215332,48.150001525878906,48.34000015258789,46.97441482543945,10257100,SCHW
2020-01-21,48.040000915527344,48.880001068115234,47.81999969482422,48.45000076293945,47.081302642822266,8849900,SCHW
2020-01-22,48.150001525878906,49.029998779296875,47.86000061035156,48.93000030517578,47.54774475097656,6699600,SCHW
2020-01-23,48.400001525878906,48.65999984741211,47.959999084472656,48.41999816894531,47.052146911621094,8126200,SCHW
2020-01-24,48.38999938964844,48.52000045776367,47.0,47.150001525878906,45.818031311035156,11268100,SCHW
2020-01-27,46.0,46.36000061035156,45.59000015258789,45.7599983215332,44.46729278564453,9537800,SCHW
2020-01-28,46.13999938964844,46.59000015258789,45.810001373291016,46.29999923706055,44.992034912109375,7282900,SCHW
2020-01-29,46.58000183105469,46.720001220703125,45.88999938964844,45.95000076293945,44.65192794799805,5918700,SCHW
2020-01-30,45.400001525878906,47.33000183105469,45.38999938964844,47.189998626708984,45.856895446777344,11536600,SCHW
2020-01-31,46.630001068115234,46.83000183105469,45.470001220703125,45.54999923706055,44.263221740722656,12297200,SCHW
2020-02-03,45.86000061035156,46.90999984741211,45.58000183105469,45.68000030517578,44.38956069946289,10490500,SCHW
2020-02-04,46.65999984741211,47.97999954223633,46.5,47.08000183105469,45.7500114440918,10595100,SCHW
2020-02-05,47.84000015258789,48.349998474121094,47.4900016784668,48.290000915527344,46.92582321166992,9583000,SCHW
2020-02-06,48.63999938964844,48.779998779296875,47.31999969482422,47.83000183105469,46.47882080078125,8767600,SCHW
2020-02-07,47.099998474121094,47.59000015258789,46.91999816894531,47.310001373291016,45.9735107421875,5680200,SCHW
2020-02-10,46.88999938964844,47.20000076293945,46.4900016784668,46.77000045776367,45.44876480102539,6062000,SCHW
2020-02-11,47.029998779296875,47.970001220703125,46.86000061035156,47.66999816894531,46.32333755493164,7082600,SCHW
2020-02-12,48.099998474121094,48.349998474121094,47.59000015258789,47.790000915527344,46.4399528503418,5136400,SCHW
2020-02-13,47.38999938964844,47.599998474121094,47.150001525878906,47.290000915527344,46.12781524658203,5873100,SCHW
2020-02-14,47.119998931884766,47.31999969482422,46.68000030517578,47.22999954223633,46.06928634643555,7106600,SCHW
2020-02-18,47.029998779296875,47.310001373291016,46.20000076293945,46.72999954223633,45.581573486328125,8165700,SCHW
2020-02-19,46.9900016784668,47.849998474121094,46.83000183105469,47.439998626708984,46.27412414550781,6377500,SCHW
2020-02-20,47.34000015258789,49.54999923706055,47.29999923706055,48.58000183105469,47.386112213134766,16198800,SCHW
2020-02-21,48.09000015258789,48.43000030517578,45.93000030517578,46.189998626708984,45.05484390258789,13500500,SCHW
2020-02-24,44.47999954223633,44.560001373291016,43.47999954223633,43.79999923706055,42.72357940673828,13407600,SCHW
2020-02-25,43.9900016784668,44.0099983215332,41.380001068115234,41.599998474121094,40.57765197753906,16466000,SCHW
2020-02-26,42.0099983215332,42.400001525878906,41.220001220703125,41.41999816894531,40.40207290649414,15389400,SCHW
2020-02-27,40.18000030517578,43.0,40.09000015258789,41.90999984741211,40.88003158569336,28185100,SCHW
2020-02-28,40.25,41.619998931884766,39.5099983215332,40.75,39.74854278564453,27459700,SCHW
2020-03-02,40.900001525878906,42.04999923706055,39.56999969482422,41.97999954223633,40.94831085205078,21834000,SCHW
2020-03-03,41.619998931884766,41.95000076293945,37.95000076293945,38.29999923706055,37.358741760253906,28382000,SCHW
2020-03-04,38.45000076293945,38.540000915527344,36.7400016784668,37.15999984741211,36.246761322021484,26339300,SCHW
2020-03-05,35.900001525878906,35.900001525878906,34.45000076293945,34.79999923706055,33.944759368896484,28000700,SCHW
2020-03-06,33.04999923706055,35.060001373291016,32.63999938964844,34.130001068115234,33.29122543334961,29385700,SCHW
2020-03-09,30.860000610351562,31.8700008392334,30.190000534057617,30.270000457763672,29.526092529296875,24766500,SCHW
2020-03-10,31.8799991607666,32.939998626708984,30.0,32.939998626708984,32.13047790527344,20293200,SCHW
2020-03-11,31.899999618530273,33.88999938964844,31.25,32.43000030517578,31.63300895690918,27992400,SCHW
2020-03-12,29.959999084472656,30.309999465942383,28.110000610351562,28.43000030517578,27.731311798095703,32521600,SCHW
2020-03-13,30.3799991607666,33.900001525878906,30.040000915527344,33.869998931884766,33.03761672973633,26153200,SCHW
2020-03-16,28.59000015258789,32.65999984741211,28.0,30.559999465942383,29.8089656829834,23373900,SCHW
2020-03-17,31.389999389648438,33.72999954223633,28.920000076293945,33.68000030517578,32.852291107177734,21796200,SCHW
2020-03-18,31.09000015258789,34.08000183105469,30.360000610351562,32.41999816894531,31.623252868652344,24241700,SCHW
2020-03-19,31.450000762939453,32.95000076293945,30.030000686645508,31.81999969482422,31.03799819946289,18311100,SCHW
2020-03-20,32.5,32.939998626708984,30.030000686645508,30.75,29.994293212890625,15922500,SCHW
2020-03-23,30.81999969482422,30.81999969482422,28.010000228881836,28.5,27.799591064453125,20573000,SCHW
2020-03-24,30.260000228881836,31.530000686645508,29.239999771118164,30.719999313354492,29.965030670166016,17925200,SCHW
2020-03-25,31.1200008392334,36.869998931884766,30.440000534057617,34.16999816894531,33.33024215698242,22746200,SCHW
2020-03-26,34.16999816894531,36.29999923706055,32.970001220703125,34.15999984741211,33.320491790771484,16976500,SCHW
2020-03-27,32.560001373291016,34.869998931884766,32.130001068115234,33.61000061035156,32.78400802612305,12461700,SCHW
2020-03-30,33.189998626708984,34.56999969482422,32.689998626708984,34.33000183105469,33.48631286621094,10078800,SCHW
2020-03-31,33.88999938964844,34.810001373291016,33.0,33.619998931884766,32.793758392333984,10708400,SCHW
2020-04-01,31.829999923706055,33.54999923706055,31.59000015258789,32.959999084472656,32.14997863769531,11700200,SCHW
2020-04-02,32.41999816894531,34.56999969482422,32.31999969482422,34.38999938964844,33.54484176635742,15329500,SCHW
2020-04-03,34.08000183105469,34.970001220703125,33.0099983215332,33.599998474121094,32.77425003051758,9127900,SCHW
2020-04-06,35.36000061035156,36.41999816894531,34.5099983215332,36.08000183105469,35.19330596923828,11658800,SCHW
2020-04-07,37.79999923706055,37.79999923706055,34.72999954223633,34.939998626708984,34.081321716308594,13087400,SCHW
2020-04-08,35.45000076293945,36.7599983215332,34.630001068115234,36.4900016784668,35.593231201171875,8104600,SCHW
2020-04-09,37.209999084472656,37.95000076293945,36.11000061035156,36.540000915527344,35.64200210571289,12354400,SCHW
2020-04-13,36.400001525878906,36.619998931884766,34.4900016784668,34.77000045776367,33.91550064086914,11531300,SCHW
2020-04-14,35.63999938964844,36.36000061035156,34.61000061035156,36.209999084472656,35.320106506347656,12376800,SCHW
2020-04-15,34.529998779296875,34.970001220703125,33.70000076293945,34.66999816894531,33.81795883178711,11516400,SCHW
2020-04-16,34.119998931884766,35.040000915527344,33.66999816894531,34.599998474121094,33.74967575073242,10852100,SCHW
2020-04-17,36.20000076293945,37.04999923706055,35.36000061035156,35.790000915527344,34.91043472290039,13305000,SCHW
2020-04-20,35.130001068115234,36.84000015258789,35.11000061035156,36.59000015258789,35.690773010253906,11016500,SCHW
2020-04-21,35.540000915527344,36.16999816894531,35.189998626708984,35.939998626708984,35.05674743652344,9671800,SCHW
2020-04-22,36.470001220703125,36.54999923706055,35.65999984741211,35.869998931884766,34.98847198486328,8397300,SCHW
2020-04-23,36.18000030517578,36.4900016784668,35.33000183105469,35.63999938964844,34.76411437988281,8748800,SCHW
2020-04-24,36.130001068115234,36.34000015258789,35.220001220703125,35.400001525878906,34.5300178527832,8043200,SCHW
2020-04-27,35.91999816894531,37.06999969482422,35.650001525878906,36.84000015258789,35.93463134765625,11030800,SCHW
2020-04-28,37.65999984741211,37.939998626708984,36.91999816894531,37.08000183105469,36.16872787475586,7674800,SCHW
2020-04-29,38.119998931884766,39.09000015258789,37.810001373291016,38.790000915527344,37.836708068847656,8225300,SCHW
2020-04-30,38.0,38.599998474121094,37.54999923706055,37.720001220703125,36.792999267578125,8061700,SCHW
2020-05-01,36.70000076293945,36.95000076293945,36.279998779296875,36.45000076293945,35.55421447753906,8176600,SCHW
2020-05-04,36.06999969482422,36.25,35.189998626708984,35.630001068115234,34.754371643066406,7292100,SCHW
2020-05-05,36.25,36.25,34.86000061035156,34.900001525878906,34.04230880737305,7645300,SCHW
2020-05-06,35.33000183105469,35.47999954223633,34.540000915527344,34.56999969482422,33.72040939331055,5791200,SCHW
2020-05-07,34.70000076293945,36.27000045776367,34.61000061035156,35.16999816894531,34.485225677490234,10672300,SCHW
2020-05-08,35.880001068115234,36.65999984741211,35.810001373291016,36.5099983215332,35.799137115478516,9489400,SCHW
2020-05-11,35.93000030517578,36.36000061035156,35.79999923706055,35.84000015258789,35.142181396484375,9750800,SCHW
2020-05-12,36.0099983215332,36.0099983215332,33.970001220703125,34.31999969482422,33.65177917480469,10475300,SCHW
2020-05-13,34.040000915527344,34.150001525878906,32.619998931884766,33.150001525878906,32.50456237792969,10168100,SCHW
2020-05-14,32.22999954223633,33.5,31.889999389648438,33.400001525878906,32.74968719482422,10143000,SCHW
2020-05-15,32.869998931884766,33.2400016784668,32.439998626708984,32.560001373291016,31.92604637145996,6780900,SCHW
2020-05-18,33.86000061035156,34.59000015258789,33.040000915527344,34.209999084472656,33.54391860961914,15300500,SCHW
2020-05-19,34.0,34.29999923706055,32.970001220703125,32.9900016784668,32.34767532348633,7009100,SCHW
2020-05-20,33.0,33.939998626708984,32.779998779296875,33.689998626708984,33.0340461730957,8876200,SCHW
2020-05-21,33.2400016784668,33.65999984741211,32.900001525878906,33.220001220703125,32.57319641113281,7426300,SCHW
2020-05-22,33.09000015258789,33.22999954223633,32.439998626708984,32.83000183105469,32.19078826904297,7300200,SCHW
2020-05-26,34.20000076293945,34.959999084472656,34.029998779296875,34.5,33.828277587890625,14756000,SCHW
2020-05-27,36.20000076293945,37.09000015258789,35.810001373291016,37.09000015258789,36.36783981323242,13261300,SCHW
2020-05-28,37.560001373291016,37.630001068115234,35.90999984741211,36.0099983215332,35.308868408203125,8760900,SCHW
2020-05-29,35.41999816894531,36.06999969482422,35.220001220703125,35.90999984741211,35.2108268737793,14247600,SCHW
2020-06-01,36.040000915527344,36.630001068115234,35.939998626708984,36.5099983215332,35.799137115478516,7469800,SCHW
2020-06-02,37.0,37.529998779296875,36.7599983215332,37.13999938964844,36.4168701171875,6232800,SCHW
2020-06-03,38.29999923706055,39.650001525878906,38.099998474121094,39.5099983215332,38.740726470947266,9672100,SCHW
2020-06-04,40.02000045776367,41.720001220703125,39.150001525878906,41.68000030517578,40.86847686767578,26855900,SCHW
2020-06-05,44.709999084472656,45.86000061035156,42.709999084472656,42.81999969482422,41.98627853393555,20489900,SCHW
2020-06-08,43.0099983215332,43.27000045776367,41.31999969482422,41.81999969482422,41.00575256347656,12200400,SCHW
2020-06-09,40.650001525878906,41.09000015258789,40.09000015258789,40.18000030517578,39.39767837524414,11529200,SCHW
2020-06-10,39.650001525878906,39.95000076293945,38.040000915527344,38.119998931884766,37.377784729003906,11641200,SCHW
2020-06-11,36.540000915527344,37.56999969482422,36.08000183105469,36.15999984741211,35.45595169067383,11348300,SCHW
2020-06-12,37.650001525878906,37.70000076293945,35.439998626708984,36.560001373291016,35.84815979003906,15666500,SCHW
2020-06-15,35.349998474121094,37.150001525878906,35.15999984741211,36.650001525878906,35.9364128112793,10012600,SCHW
2020-06-16,37.869998931884766,38.0,36.41999816894531,36.91999816894531,36.20115280151367,12662400,SCHW
2020-06-17,37.040000915527344,37.209999084472656,36.439998626708984,36.66999816894531,35.95602035522461,12120900,SCHW
2020-06-18,36.29999923706055,37.06999969482422,36.0099983215332,36.880001068115234,36.16193389892578,10430100,SCHW
2020-06-19,37.65999984741211,37.65999984741211,35.7599983215332,36.66999816894531,35.95602035522461,14817900,SCHW
2020-06-22,36.40999984741211,36.77000045776367,36.16999816894531,36.41999816894531,35.71089172363281,8242500,SCHW
2020-06-23,36.81999969482422,37.06999969482422,35.880001068115234,35.88999938964844,35.19120407104492,9923100,SCHW
2020-06-24,35.5,35.540000915527344,33.66999816894531,33.79999923706055,33.141902923583984,14398500,SCHW
2020-06-25,33.58000183105469,34.22999954223633,33.279998779296875,34.08000183105469,33.41645812988281,14814500,SCHW
2020-06-26,33.619998931884766,33.75,31.6299991607666,31.75,31.131816864013672,28270700,SCHW
2020-06-29,32.099998474121094,32.779998779296875,31.93000030517578,32.75,32.11235046386719,12378300,SCHW
2020-06-30,32.599998474121094,33.9900016784668,32.529998779296875,33.7400016784668,33.083072662353516,15650400,SCHW
2020-07-01,33.68000030517578,34.119998931884766,32.810001373291016,33.02000045776367,32.37709045410156,21721400,SCHW
2020-07-02,33.79999923706055,34.189998626708984,33.279998779296875,33.38999938964844,32.73988723754883,7862700,SCHW
2020-07-06,34.099998474121094,34.88999938964844,34.0099983215332,34.209999084472656,33.54391860961914,13573500,SCHW
2020-07-07,33.79999923706055,34.18000030517578,33.529998779296875,33.88999938964844,33.23014831542969,7198500,SCHW
2020-07-08,34.02000045776367,34.529998779296875,33.7599983215332,34.43000030517578,33.75963592529297,6916000,SCHW
2020-07-09,34.310001373291016,34.459999084472656,33.41999816894531,33.880001068115234,33.2203483581543,8475800,SCHW
2020-07-10,33.810001373291016,34.90999984741211,33.810001373291016,34.79999923706055,34.122432708740234,6258800,SCHW
2020-07-13,35.209999084472656,35.439998626708984,34.310001373291016,34.43000030517578,33.75963592529297,8679900,SCHW
2020-07-14,34.279998779296875,34.880001068115234,33.970001220703125,34.54999923706055,33.87730026245117,7862300,SCHW
2020-07-15,35.11000061035156,35.810001373291016,34.790000915527344,35.65999984741211,34.9656867980957,9873300,SCHW
2020-07-16,34.88999938964844,36.08000183105469,34.45000076293945,34.91999816894531,34.24009323120117,12191300,SCHW
2020-07-17,34.91999816894531,35.09000015258789,33.43000030517578,33.439998626708984,32.78890609741211,11840000,SCHW
2020-07-20,33.41999816894531,33.939998626708984,33.040000915527344,33.84000015258789,33.18112564086914,9564100,SCHW
2020-07-21,34.04999923706055,35.36000061035156,34.02000045776367,35.2400016784668,34.553871154785156,11384700,SCHW
2020-07-22,35.04999923706055,35.16999816894531,34.470001220703125,34.86000061035156,34.1812629699707,7585000,SCHW
2020-07-23,34.79999923706055,35.849998474121094,34.5099983215332,35.209999084472656,34.52444839477539,7457300,SCHW
2020-07-24,35.209999084472656,35.5099983215332,34.720001220703125,34.939998626708984,34.25970458984375,6577600,SCHW
2020-07-27,34.54999923706055,34.68000030517578,33.650001525878906,33.84000015258789,33.18112564086914,10588000,SCHW
2020-07-28,33.599998474121094,34.02000045776367,33.54999923706055,33.65999984741211,33.0046272277832,8882800,SCHW
2020-07-29,33.709999084472656,34.11000061035156,33.43000030517578,34.08000183105469,33.41645812988281,6592700,SCHW
2020-07-30,33.439998626708984,33.72999954223633,32.88999938964844,33.58000183105469,32.92618942260742,7323500,SCHW
2020-07-31,33.43000030517578,33.470001220703125,32.65999984741211,33.150001525878906,32.50456237792969,10384800,SCHW
2020-08-03,33.279998779296875,33.619998931884766,32.790000915527344,33.34000015258789,32.690860748291016,7285600,SCHW
2020-08-04,33.11000061035156,33.95000076293945,33.11000061035156,33.95000076293945,33.288978576660156,14859100,SCHW
2020-08-05,34.209999084472656,34.349998474121094,33.880001068115234,34.20000076293945,33.534114837646484,8142100,SCHW
2020-08-06,33.58000183105469,33.97999954223633,33.02000045776367,33.13999938964844,32.666683197021484,8077700,SCHW
2020-08-07,33.02000045776367,34.060001373291016,32.84000015258789,34.040000915527344,33.553829193115234,7823100,SCHW
2020-08-10,34.060001373291016,34.279998779296875,33.54999923706055,33.79999923706055,33.317256927490234,6043100,SCHW
2020-08-11,34.470001220703125,35.560001373291016,34.22999954223633,34.959999084472656,34.46068572998047,12160300,SCHW
2020-08-12,35.5,36.0,34.75,34.84000015258789,34.342403411865234,8998700,SCHW
2020-08-13,34.4900016784668,34.91999816894531,34.099998474121094,34.61000061035156,34.115692138671875,5937600,SCHW
2020-08-14,34.45000076293945,35.459999084472656,34.290000915527344,35.04999923706055,34.549400329589844,8740700,SCHW
2020-08-17,34.880001068115234,35.279998779296875,34.470001220703125,34.619998931884766,34.12554168701172,8340900,SCHW
2020-08-18,34.5,35.0,34.2400016784668,34.95000076293945,34.450836181640625,7710000,SCHW
2020-08-19,34.95000076293945,35.900001525878906,34.95000076293945,35.709999084472656,35.19997787475586,8035700,SCHW
2020-08-20,35.22999954223633,35.349998474121094,34.47999954223633,34.54999923706055,34.05654525756836,8161000,SCHW
2020-08-21,34.54999923706055,34.88999938964844,34.22999954223633,34.45000076293945,33.957977294921875,5804500,SCHW
2020-08-24,34.5,35.5,34.459999084472656,35.119998931884766,34.61840057373047,9920000,SCHW
2020-08-25,35.5,35.869998931884766,35.2400016784668,35.54999923706055,35.04226303100586,5261000,SCHW
2020-08-26,35.58000183105469,35.720001220703125,35.119998931884766,35.41999816894531,34.914119720458984,4117800,SCHW
2020-08-27,35.4900016784668,36.369998931884766,35.130001068115234,36.08000183105469,35.564693450927734,6467400,SCHW
2020-08-28,36.150001525878906,36.470001220703125,35.849998474121094,36.279998779296875,35.7618293762207,6156500,SCHW
2020-08-31,36.130001068115234,36.20000076293945,35.45000076293945,35.529998779296875,35.02254867553711,8331400,SCHW
2020-09-01,35.15999984741211,36.2599983215332,34.959999084472656,35.79999923706055,35.288692474365234,6146400,SCHW
2020-09-02,35.779998779296875,36.119998931884766,35.459999084472656,35.970001220703125,35.45626449584961,8021200,SCHW
2020-09-03,36.29999923706055,36.880001068115234,35.20000076293945,35.38999938964844,34.884544372558594,13777900,SCHW
2020-09-04,36.25,36.88999938964844,35.630001068115234,36.20000076293945,35.682979583740234,11454000,SCHW
2020-09-08,35.470001220703125,35.70000076293945,34.61000061035156,34.65999984741211,34.164974212646484,9022900,SCHW
2020-09-09,34.93000030517578,35.27000045776367,34.560001373291016,35.029998779296875,34.52968978881836,7657700,SCHW
2020-09-10,35.20000076293945,35.380001068115234,34.52000045776367,34.65999984741211,34.164974212646484,5709900,SCHW
2020-09-11,34.689998626708984,35.56999969482422,34.689998626708984,35.2400016784668,34.7366943359375,5890300,SCHW
2020-09-14,35.5,36.16999816894531,35.33000183105469,35.72999954223633,35.21969223022461,6875600,SCHW
2020-09-15,34.68000030517578,35.119998931884766,33.790000915527344,34.75,34.25368881225586,12952500,SCHW
2020-09-16,34.93000030517578,36.08000183105469,34.810001373291016,35.72999954223633,35.21969223022461,8778900,SCHW
2020-09-17,35.13999938964844,36.06999969482422,35.060001373291016,35.810001373291016,35.29854965209961,7298400,SCHW
2020-09-18,35.61000061035156,36.540000915527344,35.61000061035156,36.029998779296875,35.51540756225586,9021000,SCHW
2020-09-21,35.13999938964844,35.91999816894531,34.5,35.2400016784668,34.7366943359375,11448100,SCHW
2020-09-22,35.16999816894531,35.79999923706055,34.45000076293945,34.970001220703125,34.47054672241211,7816900,SCHW
2020-09-23,35.189998626708984,35.810001373291016,34.77000045776367,34.779998779296875,34.28325653076172,8151900,SCHW
2020-09-24,34.90999984741211,34.970001220703125,34.099998474121094,34.36000061035156,33.8692626953125,7039200,SCHW
2020-09-25,34.099998474121094,35.06999969482422,33.959999084472656,34.939998626708984,34.44097137451172,5768400,SCHW
2020-09-28,35.5099983215332,36.310001373291016,35.41999816894531,36.20000076293945,35.682979583740234,6035300,SCHW
2020-09-29,36.150001525878906,36.2599983215332,35.4900016784668,35.779998779296875,35.268978118896484,7150300,SCHW
2020-09-30,36.08000183105469,36.68000030517578,35.959999084472656,36.22999954223633,35.712547302246094,7214300,SCHW
2020-10-01,36.90999984741211,37.7599983215332,36.599998474121094,37.72999954223633,37.19112777709961,19959000,SCHW
2020-10-02,37.16999816894531,38.47999954223633,37.06999969482422,37.66999816894531,37.131980895996094,22728100,SCHW
2020-10-05,38.16999816894531,38.709999084472656,36.75,36.939998626708984,36.412410736083984,94997700,SCHW
2020-10-06,37.13999938964844,37.459999084472656,36.06999969482422,36.75,36.22512435913086,19905300,SCHW
2020-10-07,37.4900016784668,38.15999984741211,36.900001525878906,37.779998779296875,37.240413665771484,18282600,SCHW
2020-10-08,37.83000183105469,37.95000076293945,37.439998626708984,37.7400016784668,37.200984954833984,10818300,SCHW
2020-10-09,38.20000076293945,38.459999084472656,37.56999969482422,38.22999954223633,37.68398666381836,11643900,SCHW
2020-10-12,38.25,38.529998779296875,37.900001525878906,38.470001220703125,37.920562744140625,14481600,SCHW
2020-10-13,38.33000183105469,38.5099983215332,37.40999984741211,37.61000061035156,37.07284164428711,10841100,SCHW
2020-10-14,37.29999923706055,37.939998626708984,37.0099983215332,37.119998931884766,36.58984375,10013400,SCHW
2020-10-15,37.310001373291016,39.040000915527344,37.2400016784668,39.029998779296875,38.47256088256836,15403400,SCHW
2020-10-16,39.279998779296875,39.77000045776367,38.560001373291016,39.290000915527344,38.72884750366211,14090400,SCHW
2020-10-19,39.40999984741211,39.560001373291016,38.72999954223633,38.88999938964844,38.33456039428711,12294100,SCHW
2020-10-20,39.189998626708984,40.119998931884766,39.08000183105469,39.130001068115234,38.57113265991211,9961200,SCHW
2020-10-21,39.130001068115234,39.41999816894531,38.7400016784668,38.93000030517578,38.37398910522461,7672700,SCHW
2020-10-22,38.91999816894531,40.27000045776367,38.709999084472656,40.130001068115234,39.55685043334961,10093800,SCHW
2020-10-23,40.720001220703125,40.93000030517578,39.91999816894531,40.349998474121094,39.773704528808594,8243400,SCHW
2020-10-26,39.81999969482422,40.0,38.66999816894531,39.150001525878906,38.590850830078125,11991800,SCHW
2020-10-27,39.04999923706055,39.220001220703125,38.310001373291016,38.470001220703125,37.920562744140625,7881800,SCHW
2020-10-28,37.84000015258789,38.529998779296875,37.290000915527344,38.150001525878906,37.60512924194336,13941200,SCHW
2020-10-29,37.970001220703125,40.779998779296875,37.33000183105469,40.310001373291016,39.73427963256836,14757200,SCHW
2020-10-30,40.099998474121094,41.13999938964844,40.0,41.11000061035156,40.52285385131836,13154600,SCHW
2020-11-02,41.27000045776367,42.689998626708984,40.88999938964844,41.2599983215332,40.67070770263672,12719800,SCHW
2020-11-03,42.09000015258789,43.77000045776367,42.09000015258789,42.560001373291016,41.95214080810547,12927300,SCHW
2020-11-04,39.9900016784668,41.959999084472656,39.5,40.84000015258789,40.25670623779297,15044200,SCHW
2020-11-05,40.79999923706055,42.20000076293945,40.79999923706055,41.45000076293945,40.857994079589844,9876000,SCHW
2020-11-06,41.97999954223633,42.0,40.97999954223633,41.130001068115234,40.542564392089844,6824100,SCHW
2020-11-09,45.189998626708984,45.88999938964844,43.7599983215332,44.959999084472656,44.317867279052734,14747800,SCHW
2020-11-10,45.27000045776367,46.4900016784668,44.869998931884766,46.41999816894531,45.757015228271484,10791600,SCHW
2020-11-11,47.45000076293945,47.47999954223633,45.88999938964844,46.22999954223633,45.56972885131836,14938300,SCHW
2020-11-12,45.400001525878906,45.5,44.2599983215332,44.720001220703125,44.253597259521484,9621300,SCHW
2020-11-13,45.09000015258789,46.22999954223633,45.0099983215332,46.0,45.5202522277832,7519300,SCHW
2020-11-16,47.09000015258789,47.40999984741211,45.97999954223633,46.88999938964844,46.400962829589844,10664000,SCHW
2020-11-17,46.86000061035156,48.939998626708984,46.75,48.900001525878906,48.3900032043457,16788600,SCHW
2020-11-18,48.91999816894531,49.84000015258789,47.70000076293945,47.70000076293945,47.202518463134766,15442400,SCHW
2020-11-19,46.90999984741211,47.33000183105469,46.25,47.08000183105469,46.588985443115234,11022100,SCHW
2020-11-20,46.66999816894531,46.95000076293945,46.41999816894531,46.61000061035156,46.12388610839844,6365800,SCHW
2020-11-23,47.279998779296875,48.349998474121094,46.72999954223633,48.2400016784668,47.73688888549805,6970600,SCHW
2020-11-24,48.93000030517578,49.880001068115234,48.599998474121094,49.790000915527344,49.270721435546875,10115700,SCHW
2020-11-25,49.06999969482422,50.150001525878906,48.869998931884766,49.75,49.231136322021484,9898100,SCHW
2020-11-27,49.61000061035156,50.09000015258789,49.459999084472656,49.70000076293945,49.18165969848633,4626600,SCHW
2020-11-30,49.459999084472656,49.7400016784668,48.5099983215332,48.779998779296875,48.2712516784668,21664600,SCHW
2020-12-01,50.08000183105469,51.02000045776367,49.66999816894531,50.02000045776367,49.498321533203125,12399900,SCHW
2020-12-02,49.58000183105469,51.0,49.54999923706055,50.86000061035156,50.32956314086914,6785000,SCHW
2020-12-03,50.63999938964844,51.22999954223633,50.22999954223633,51.06999969482422,50.53737258911133,7579300,SCHW
2020-12-04,51.41999816894531,51.810001373291016,50.959999084472656,50.9900016784668,50.45820617675781,7371400,SCHW
2020-12-07,50.59000015258789,51.06999969482422,50.459999084472656,50.7599983215332,50.2306022644043,7657100,SCHW
2020-12-08,50.150001525878906,50.970001220703125,50.150001525878906,50.54999923706055,50.02279281616211,7494200,SCHW
2020-12-09,50.91999816894531,51.0,50.15999984741211,50.54999923706055,50.02279281616211,5592000,SCHW
2020-12-10,50.15999984741211,50.369998931884766,49.529998779296875,50.099998474121094,49.577484130859375,7825300,SCHW
2020-12-11,49.279998779296875,49.52000045776367,48.88999938964844,49.43000030517578,48.91447448730469,7629500,SCHW
2020-12-14,50.38999938964844,51.689998626708984,49.81999969482422,49.84000015258789,49.32019805908203,7981000,SCHW
2020-12-15,50.279998779296875,51.540000915527344,50.02000045776367,51.04999923706055,50.517578125,7674600,SCHW
2020-12-16,51.060001373291016,51.709999084472656,50.61000061035156,51.68000030517578,51.14100646972656,7448000,SCHW
2020-12-17,51.70000076293945,52.040000915527344,51.310001373291016,51.779998779296875,51.23996353149414,7291000,SCHW
2020-12-18,51.88999938964844,52.220001220703125,51.33000183105469,51.97999954223633,51.43788146972656,16739600,SCHW
2020-12-21,51.900001525878906,52.060001373291016,50.95000076293945,51.75,51.21028137207031,7605400,SCHW
2020-12-22,51.75,52.06999969482422,51.45000076293945,51.63999938964844,51.1014289855957,5444100,SCHW
2020-12-23,51.849998474121094,52.709999084472656,51.599998474121094,52.349998474121094,51.80401611328125,4254100,SCHW
2020-12-24,52.380001068115234,52.380001068115234,51.84000015258789,52.060001373291016,51.51704788208008,1633100,SCHW
2020-12-28,52.619998931884766,52.970001220703125,52.279998779296875,52.939998626708984,52.38786315917969,4635000,SCHW
2020-12-29,52.9900016784668,53.33000183105469,52.52000045776367,52.540000915527344,51.992042541503906,3421500,SCHW
2020-12-30,52.540000915527344,52.93000030517578,52.349998474121094,52.40999984741211,51.8633918762207,3971500,SCHW
2020-12-31,52.54999923706055,53.119998931884766,52.2599983215332,53.040000915527344,52.48682403564453,4085100,SCHW
2021-01-04,53.220001220703125,53.470001220703125,51.93000030517578,52.7599983215332,52.209747314453125,8650000,SCHW
2021-01-05,51.959999084472656,52.95000076293945,51.939998626708984,52.77000045776367,52.21963882446289,7995700,SCHW
2021-01-06,54.369998931884766,57.83000183105469,54.040000915527344,57.40999984741211,56.811248779296875,16551800,SCHW
2021-01-07,57.88999938964844,59.439998626708984,57.630001068115234,59.060001373291016,58.44403839111328,10949600,SCHW
2021-01-08,58.84000015258789,59.58000183105469,58.22999954223633,58.97999954223633,58.364871978759766,9165300,SCHW
2021-01-11,58.849998474121094,60.349998474121094,58.130001068115234,60.25,59.62162780761719,8766100,SCHW
2021-01-12,60.79999923706055,62.040000915527344,60.439998626708984,61.20000076293945,60.56171798706055,12194500,SCHW
2021-01-13,60.58000183105469,61.369998931884766,59.189998626708984,59.5099983215332,58.889347076416016,17171700,SCHW
2021-01-14,59.61000061035156,59.790000915527344,59.130001068115234,59.33000183105469,58.71122741699219,9165800,SCHW
2021-01-15,58.560001373291016,59.16999816894531,57.959999084472656,58.75,58.137271881103516,9952400,SCHW
2021-01-19,59.2400016784668,59.59000015258789,57.83000183105469,59.22999954223633,58.612266540527344,8277200,SCHW
2021-01-20,59.349998474121094,59.45000076293945,58.11000061035156,58.61000061035156,57.99873733520508,9798200,SCHW
2021-01-21,58.86000061035156,58.970001220703125,58.34000015258789,58.70000076293945,58.08779525756836,6367000,SCHW
2021-01-22,58.15999984741211,58.91999816894531,57.93000030517578,58.400001525878906,57.790924072265625,5472400,SCHW
2021-01-25,57.27000045776367,58.18000030517578,56.599998474121094,57.08000183105469,56.48469161987305,7888800,SCHW
2021-01-26,57.4900016784668,57.689998626708984,56.119998931884766,56.209999084472656,55.62376403808594,6786900,SCHW
2021-01-27,55.40999984741211,55.40999984741211,53.15999984741211,53.290000915527344,52.73421859741211,10579800,SCHW
2021-01-28,53.650001525878906,55.41999816894531,53.56999969482422,53.7400016784668,53.17951965332031,11278600,SCHW
2021-01-29,53.2599983215332,53.290000915527344,50.77000045776367,51.540000915527344,51.002471923828125,17772200,SCHW
2021-02-01,52.130001068115234,53.720001220703125,51.970001220703125,53.369998931884766,52.81338119506836,8601100,SCHW
2021-02-02,54.130001068115234,55.34000015258789,54.11000061035156,54.540000915527344,53.97118377685547,8720500,SCHW
2021-02-03,54.68000030517578,55.31999969482422,52.959999084472656,53.459999084472656,52.902442932128906,10230400,SCHW
2021-02-04,53.869998931884766,55.20000076293945,53.630001068115234,55.20000076293945,54.62430191040039,7890900,SCHW
2021-02-05,55.689998626708984,56.38999938964844,55.290000915527344,55.7400016784668,55.15866470336914,7994500,SCHW
2021-02-08,55.97999954223633,56.11000061035156,55.220001220703125,55.849998474121094,55.267520904541016,5377100,SCHW
2021-02-09,55.47999954223633,56.529998779296875,54.97999954223633,56.27000045776367,55.68313980102539,5541200,SCHW
2021-02-10,56.599998474121094,56.88999938964844,55.369998931884766,55.70000076293945,55.119083404541016,7549100,SCHW
2021-02-11,55.650001525878906,56.369998931884766,55.40999984741211,55.93000030517578,55.526119232177734,6040300,SCHW
2021-02-12,55.93000030517578,58.2599983215332,55.810001373291016,58.189998626708984,57.76980209350586,8138100,SCHW
2021-02-16,58.93000030517578,61.349998474121094,58.63999938964844,60.95000076293945,60.50987243652344,11008900,SCHW
2021-02-17,60.61000061035156,61.38999938964844,60.36000061035156,61.29999923706055,60.85734176635742,8785800,SCHW
2021-02-18,60.9900016784668,62.22999954223633,60.63999938964844,61.93000030517578,61.48279571533203,6157700,SCHW
2021-02-19,62.439998626708984,63.45000076293945,61.13999938964844,61.90999984741211,61.46293640136719,8421300,SCHW
2021-02-22,62.650001525878906,63.09000015258789,62.08000183105469,62.95000076293945,62.495426177978516,8049400,SCHW
2021-02-23,63.45000076293945,63.45000076293945,61.439998626708984,62.66999816894531,62.21744918823242,8613200,SCHW
2021-02-24,63.0,65.43000030517578,62.4900016784668,64.44000244140625,63.974666595458984,11535200,SCHW
2021-02-25,64.3499984741211,65.23999786376953,62.970001220703125,63.099998474121094,62.644344329833984,10584100,SCHW
2021-02-26,62.90999984741211,63.279998779296875,61.25,61.720001220703125,61.27431106567383,9543600,SCHW
2021-03-01,62.59000015258789,64.93000030517578,62.56999969482422,64.0999984741211,63.637123107910156,5863700,SCHW
2021-03-02,63.709999084472656,64.77999877929688,63.43000030517578,63.79999923706055,63.33928680419922,6079400,SCHW
2021-03-03,64.26000213623047,66.2300033569336,63.90999984741211,64.95999908447266,64.49091339111328,8831100,SCHW
2021-03-04,64.81999969482422,65.16999816894531,63.029998779296875,64.7699966430664,64.30228424072266,11204300,SCHW
2021-03-05,66.0999984741211,66.61000061035156,63.040000915527344,65.0199966430664,64.55047607421875,10204000,SCHW
2021-03-08,65.31999969482422,65.62999725341797,64.33999633789062,64.45999908447266,63.99452209472656,8663200,SCHW
2021-03-09,64.02999877929688,65.04000091552734,62.33000183105469,63.75,63.289649963378906,9761700,SCHW
2021-03-10,64.16000366210938,65.06999969482422,63.869998931884766,65.02999877929688,64.5604019165039,8930500,SCHW
2021-03-11,64.80000305175781,66.86000061035156,64.55000305175781,66.41000366210938,65.9304428100586,9233600,SCHW
2021-03-12,67.0,68.20999908447266,66.76000213623047,67.6500015258789,67.16149139404297,5643300,SCHW
2021-03-15,67.38999938964844,67.6500015258789,65.45999908447266,66.33999633789062,65.86094665527344,6855700,SCHW
2021-03-16,66.0999984741211,66.0999984741211,65.0199966430664,65.47000122070312,64.99723052978516,5632400,SCHW
2021-03-17,66.66999816894531,66.66999816894531,65.13999938964844,65.69999694824219,65.22557067871094,6881500,SCHW
2021-03-18,66.91000366210938,67.9000015258789,65.98999786376953,66.06999969482422,65.5928955078125,7417000,SCHW
2021-03-19,65.37999725341797,66.58999633789062,64.80000305175781,66.05000305175781,65.57304382324219,10670300,SCHW
2021-03-22,65.33999633789062,65.7300033569336,64.7300033569336,64.7699966430664,64.30228424072266,5138800,SCHW
2021-03-23,64.37999725341797,64.93000030517578,63.279998779296875,63.36000061035156,62.902469635009766,6259600,SCHW
2021-03-24,64.08000183105469,65.7699966430664,64.0199966430664,64.12000274658203,63.656978607177734,5796700,SCHW
2021-03-25,63.86000061035156,65.45999908447266,63.06999969482422,65.12999725341797,64.65968322753906,6220600,SCHW
2021-03-26,65.91000366210938,66.06999969482422,64.94000244140625,65.70999908447266,65.23550415039062,6082100,SCHW
2021-03-29,64.66000366210938,65.43000030517578,63.599998474121094,64.11000061035156,63.64705276489258,8113500,SCHW
2021-03-30,64.27999877929688,65.06999969482422,63.97999954223633,64.76000213623047,64.2923583984375,6300200,SCHW
2021-03-31,65.08000183105469,65.6500015258789,64.33999633789062,65.18000030517578,64.7093276977539,7536100,SCHW
2021-04-01,65.13999938964844,66.48999786376953,65.04000091552734,66.44000244140625,65.96022033691406,5796900,SCHW
2021-04-05,68.20999908447266,68.88999938964844,67.7699966430664,68.1500015258789,67.65788269042969,8211800,SCHW
2021-04-06,67.87999725341797,68.62999725341797,67.11000061035156,67.30000305175781,66.81401824951172,7360400,SCHW
2021-04-07,67.16000366210938,67.5999984741211,66.4000015258789,67.05000305175781,66.5658187866211,7281400,SCHW
2021-04-08,66.54000091552734,66.94000244140625,66.08000183105469,66.83999633789062,66.35733032226562,6361000,SCHW
2021-04-09,68.31999969482422,68.83000183105469,67.19000244140625,67.56999969482422,67.08206176757812,6311100,SCHW
2021-04-12,67.31999969482422,67.91999816894531,67.31999969482422,67.70999908447266,67.22105407714844,5620600,SCHW
2021-04-13,67.66999816894531,67.66999816894531,66.19000244140625,66.5999984741211,66.11907196044922,4886500,SCHW
2021-04-14,66.98999786376953,68.41999816894531,66.69999694824219,67.44000244140625,66.95301055908203,6702200,SCHW
2021-04-15,66.8499984741211,67.48999786376953,64.58999633789062,65.5,65.02701568603516,10163600,SCHW
2021-04-16,65.73999786376953,65.83000183105469,64.33999633789062,64.73999786376953,64.27249908447266,10289400,SCHW
2021-04-19,65.02999877929688,66.62000274658203,64.91999816894531,65.87999725341797,65.40426635742188,8750800,SCHW
2021-04-20,65.37000274658203,65.7300033569336,63.61000061035156,63.689998626708984,63.23008346557617,7532800,SCHW
2021-04-21,63.86000061035156,65.45999908447266,63.459999084472656,65.4000015258789,64.927734375,6442800,SCHW
2021-04-22,65.25,66.06999969482422,64.33000183105469,64.80000305175781,64.33207702636719,8590800,SCHW
2021-04-23,65.19999694824219,67.18000030517578,64.87999725341797,67.13999938964844,66.6551742553711,7270500,SCHW
2021-04-26,67.52999877929688,68.8499984741211,67.3499984741211,67.7699966430664,67.2806167602539,7387100,SCHW
2021-04-27,68.56999969482422,69.76000213623047,67.86000061035156,69.63999938964844,69.13712310791016,8745300,SCHW
2021-04-28,69.61000061035156,70.02999877929688,69.20999908447266,69.86000061035156,69.35553741455078,6338800,SCHW
2021-04-29,70.26000213623047,72.16000366210938,70.05000305175781,71.70999908447266,71.19216918945312,9816600,SCHW
2021-04-30,71.43000030517578,71.73999786376953,70.20999908447266,70.4000015258789,69.89163970947266,8105100,SCHW
2021-05-03,70.83000183105469,71.05000305175781,69.73999786376953,70.94000244140625,70.427734375,5394300,SCHW
2021-05-04,70.38999938964844,71.62999725341797,68.66999816894531,70.08999633789062,69.5838623046875,11044100,SCHW
2021-05-05,70.80000305175781,71.66000366210938,69.56999969482422,70.9800033569336,70.46744537353516,8739500,SCHW
2021-05-06,71.27999877929688,71.6500015258789,70.08000183105469,71.5199966430664,71.00353240966797,4802800,SCHW
2021-05-07,70.44999694824219,71.87999725341797,70.0,71.75,71.23188018798828,6233000,SCHW
2021-05-10,72.16000366210938,72.54000091552734,71.08000183105469,71.0999984741211,70.5865707397461,5721200,SCHW
2021-05-11,70.16999816894531,71.95999908447266,69.91000366210938,70.62999725341797,70.11996459960938,5380000,SCHW
2021-05-12,71.0199966430664,71.47000122070312,68.66000366210938,69.12000274658203,68.62088012695312,8500500,SCHW
2021-05-13,68.81999969482422,71.01000213623047,68.75,70.43000030517578,70.1039810180664,6317300,SCHW
2021-05-14,70.66000366210938,73.37000274658203,70.61000061035156,73.25,72.91092681884766,8843300,SCHW
2021-05-17,73.0,73.23999786376953,72.0199966430664,73.0,72.6620864868164,5207200,SCHW
2021-05-18,73.37000274658203,73.58999633789062,70.86000061035156,70.9000015258789,70.57180786132812,5829600,SCHW
2021-05-19,69.77999877929688,71.3499984741211,69.19999694824219,71.20999908447266,70.88036346435547,6552300,SCHW
2021-05-20,71.5,71.62999725341797,70.37999725341797,70.73999786376953,70.41253662109375,4606600,SCHW
2021-05-21,71.19000244140625,72.55000305175781,71.01000213623047,72.16999816894531,71.83592224121094,5414900,SCHW
2021-05-24,72.33000183105469,73.04000091552734,72.01000213623047,72.61000061035156,72.27388763427734,4538300,SCHW
2021-05-25,72.94999694824219,73.5,71.52999877929688,71.62999725341797,71.29842376708984,5920100,SCHW
2021-05-26,72.29000091552734,72.29000091552734,70.69999694824219,71.52999877929688,71.19888305664062,7370400,SCHW
2021-05-27,72.2699966430664,74.13999938964844,71.83999633789062,73.8499984741211,73.50814819335938,14693800,SCHW
2021-05-28,73.94000244140625,74.30999755859375,73.19000244140625,73.8499984741211,73.50814819335938,6205300,SCHW
2021-06-01,74.94000244140625,75.48999786376953,74.16000366210938,74.63999938964844,74.29448699951172,6175500,SCHW
2021-06-02,74.83999633789062,75.29000091552734,74.29000091552734,74.93000030517578,74.58314514160156,6881900,SCHW
2021-06-03,74.55000305175781,76.33999633789062,74.44999694824219,76.01000213623047,75.65814971923828,7623800,SCHW
2021-06-04,75.91000366210938,76.37000274658203,74.51000213623047,75.72000122070312,75.36949157714844,5587500,SCHW
2021-06-07,75.94000244140625,75.94999694824219,74.3499984741211,74.7300033569336,74.38407897949219,5662000,SCHW
2021-06-08,74.1500015258789,75.16999816894531,73.56999969482422,75.12000274658203,74.77227020263672,7317100,SCHW
2021-06-09,74.83999633789062,74.9000015258789,72.25,72.8499984741211,72.51277160644531,9634600,SCHW
2021-06-10,73.69999694824219,74.22000122070312,72.44999694824219,72.62000274658203,72.2838363647461,8741300,SCHW
2021-06-11,72.88999938964844,73.9800033569336,72.8499984741211,73.91999816894531,73.57781982421875,6912700,SCHW
2021-06-14,73.4800033569336,73.7300033569336,71.16000366210938,72.01000213623047,71.67666625976562,7764100,SCHW
2021-06-15,72.5,73.30999755859375,72.02999877929688,72.54000091552734,72.20421600341797,7934500,SCHW
2021-06-16,72.06999969482422,74.54000091552734,71.12999725341797,73.75,73.40860748291016,8819100,SCHW
2021-06-17,74.13999938964844,74.33000183105469,70.86000061035156,72.13999938964844,71.80606079101562,8699900,SCHW
2021-06-18,71.08000183105469,71.80000305175781,69.27999877929688,69.83000183105469,69.50675201416016,17257900,SCHW
2021-06-21,70.63999938964844,72.95999908447266,70.19000244140625,72.73999786376953,72.40328216552734,9488200,SCHW
2021-06-22,72.6500015258789,72.75,71.5199966430664,72.5,72.16439056396484,6856800,SCHW
2021-06-23,72.75,73.2699966430664,72.47000122070312,72.88999938964844,72.5525894165039,7116700,SCHW
2021-06-24,73.06999969482422,73.63999938964844,72.16000366210938,73.38999938964844,73.05027770996094,5895500,SCHW
2021-06-25,73.54000091552734,74.2699966430664,73.16000366210938,73.77999877929688,73.43846893310547,12715300,SCHW
2021-06-28,73.5999984741211,73.80000305175781,72.58000183105469,73.27999877929688,72.94078063964844,5006400,SCHW
2021-06-29,74.05999755859375,74.5999984741211,73.16000366210938,73.22000122070312,72.88106536865234,5316100,SCHW
2021-06-30,72.86000061035156,73.0999984741211,72.29000091552734,72.80999755859375,72.47296142578125,6429700,SCHW
2021-07-01,73.45999908447266,73.63999938964844,72.94000244140625,73.56999969482422,73.22944641113281,4413400,SCHW
2021-07-02,73.12999725341797,73.33000183105469,71.61000061035156,72.80000305175781,72.4630126953125,6108800,SCHW
2021-07-06,72.61000061035156,72.61000061035156,70.66999816894531,70.7699966430664,70.44239807128906,7684000,SCHW
2021-07-07,70.45999908447266,70.63999938964844,68.86000061035156,70.06999969482422,69.74564361572266,9833600,SCHW
2021-07-08,67.33000183105469,68.87999725341797,67.33000183105469,67.94000244140625,67.62550354003906,10896900,SCHW
2021-07-09,69.41000366210938,70.58999633789062,68.5199966430664,70.55000305175781,70.22342681884766,10327400,SCHW
2021-07-12,69.93000030517578,72.01000213623047,69.73999786376953,71.70999908447266,71.3780517578125,6192400,SCHW
2021-07-13,71.58000183105469,72.0999984741211,70.95999908447266,71.81999969482422,71.487548828125,7489100,SCHW
2021-07-14,71.3499984741211,72.11000061035156,69.95999908447266,70.19999694824219,69.87504577636719,7577000,SCHW
2021-07-15,69.73999786376953,71.55999755859375,69.36000061035156,70.55000305175781,70.22342681884766,5719800,SCHW
2021-07-16,70.52999877929688,70.6500015258789,68.30000305175781,68.88999938964844,68.57110595703125,10465600,SCHW
2021-07-19,67.36000061035156,68.11000061035156,66.19999694824219,66.68000030517578,66.371337890625,8937300,SCHW
2021-07-20,66.5999984741211,68.26000213623047,65.7300033569336,67.94000244140625,67.62550354003906,5857700,SCHW
2021-07-21,68.66000366210938,70.01000213623047,68.41999816894531,69.55999755859375,69.23800659179688,5767000,SCHW
2021-07-22,69.30999755859375,69.66999816894531,67.13999938964844,67.25,66.9386978149414,8206600,SCHW
2021-07-23,67.5199966430664,68.41000366210938,67.25,67.91000366210938,67.59564971923828,6059900,SCHW
2021-07-26,67.94000244140625,68.62999725341797,67.6500015258789,68.04000091552734,67.72504425048828,5838300,SCHW
2021-07-27,67.55000305175781,67.81999969482422,66.5999984741211,67.37000274658203,67.05814361572266,3879400,SCHW
2021-07-28,67.6500015258789,68.33000183105469,67.12999725341797,67.8499984741211,67.53591918945312,5206000,SCHW
2021-07-29,68.4000015258789,69.27999877929688,67.75,68.56999969482422,68.2525863647461,4475900,SCHW
2021-07-30,68.23999786376953,69.12000274658203,67.76000213623047,67.94999694824219,67.63545227050781,4084100,SCHW
2021-08-02,68.19999694824219,69.70999908447266,67.62000274658203,67.73999786376953,67.42642211914062,4941400,SCHW
2021-08-03,68.16999816894531,68.23999786376953,66.16000366210938,67.41000366210938,67.09796142578125,4858100,SCHW
2021-08-04,66.83999633789062,68.30999755859375,66.5,67.66999816894531,67.35675811767578,4619300,SCHW
2021-08-05,68.05999755859375,69.69999694824219,68.01000213623047,69.30000305175781,68.97921752929688,4814400,SCHW
2021-08-06,70.13999938964844,72.44999694824219,70.05999755859375,71.93000030517578,71.59703063964844,9361700,SCHW
2021-08-09,71.63999938964844,74.0999984741211,71.4000015258789,73.41999816894531,73.08013153076172,6079800,SCHW
2021-08-10,73.3499984741211,74.98999786376953,72.91999816894531,74.52999877929688,74.18499755859375,5784800,SCHW
2021-08-11,74.83999633789062,75.38999938964844,74.08000183105469,74.80999755859375,74.46369934082031,6280700,SCHW
2021-08-12,74.55999755859375,75.5,74.36000061035156,75.41999816894531,75.25194549560547,3425600,SCHW
2021-08-13,75.30000305175781,75.41999816894531,73.44999694824219,74.01000213623047,73.84508514404297,3552100,SCHW
2021-08-16,73.33000183105469,73.77999877929688,72.12000274658203,73.26000213623047,73.09676361083984,3796400,SCHW
2021-08-17,72.68000030517578,72.98999786376953,71.5999984741211,72.5,72.33844757080078,5487200,SCHW
2021-08-18,72.25,73.45999908447266,71.91999816894531,72.0,71.83956909179688,5828500,SCHW
2021-08-19,70.97000122070312,71.83000183105469,70.13999938964844,71.05999755859375,70.90165710449219,3303600,SCHW
2021-08-20,71.06999969482422,72.11000061035156,70.70999908447266,71.97000122070312,71.80963134765625,3259100,SCHW
2021-08-23,72.30000305175781,72.73999786376953,72.05000305175781,72.30000305175781,72.13890075683594,3989700,SCHW
2021-08-24,72.5199966430664,74.33999633789062,72.30000305175781,74.1500015258789,73.98477935791016,5296300,SCHW
2021-08-25,74.41999816894531,75.4000015258789,74.01000213623047,74.58000183105469,74.413818359375,4754900,SCHW
2021-08-26,74.97000122070312,75.19999694824219,73.62999725341797,73.6500015258789,73.48589324951172,3237400,SCHW
2021-08-27,73.75,75.9000015258789,73.73999786376953,75.83999633789062,75.67100524902344,4690800,SCHW
2021-08-30,75.8499984741211,76.0,73.33000183105469,73.44000244140625,73.27635955810547,9734600,SCHW
2021-08-31,73.2300033569336,73.5999984741211,71.95999908447266,72.8499984741211,72.68766784667969,7450300,SCHW
2021-09-01,72.83999633789062,73.56999969482422,71.7699966430664,73.19999694824219,73.0368881225586,4606200,SCHW
2021-09-02,73.5199966430664,73.72000122070312,72.58000183105469,72.91000366210938,72.74754333496094,3213200,SCHW
2021-09-03,72.94999694824219,73.55000305175781,72.05000305175781,72.08999633789062,71.92935943603516,3348900,SCHW
2021-09-07,71.5,72.43000030517578,71.0199966430664,72.08000183105469,71.91938781738281,4129000,SCHW
2021-09-08,72.08000183105469,72.3499984741211,71.30999755859375,71.55999755859375,71.40054321289062,2955000,SCHW
2021-09-09,71.58999633789062,73.7699966430664,71.30000305175781,72.33000183105469,72.16883087158203,4549200,SCHW
2021-09-10,72.9800033569336,72.9800033569336,71.37999725341797,71.44000244140625,71.28081512451172,4099500,SCHW
2021-09-13,72.0,72.25,70.83999633789062,71.88999938964844,71.72981262207031,3180200,SCHW
2021-09-14,71.77999877929688,72.19000244140625,69.12999725341797,69.7300033569336,69.57462310791016,5572700,SCHW
2021-09-15,69.91999816894531,71.38999938964844,69.43000030517578,71.1500015258789,70.99146270751953,4248900,SCHW
2021-09-16,71.37000274658203,71.95999908447266,70.37000274658203,70.77999877929688,70.62228393554688,3054600,SCHW
2021-09-17,70.27999877929688,70.93000030517578,69.81999969482422,70.43000030517578,70.27306365966797,10256800,SCHW
2021-09-20,68.63999938964844,68.97000122070312,67.30999755859375,68.80000305175781,68.64669799804688,5848600,SCHW
2021-09-21,69.2300033569336,69.41999816894531,68.12999725341797,68.44000244140625,68.2874984741211,4243100,SCHW
2021-09-22,69.45999908447266,71.11000061035156,69.08000183105469,70.4000015258789,70.24313354492188,4957000,SCHW
2021-09-23,71.20999908447266,74.41999816894531,71.04000091552734,74.30000305175781,74.13444519042969,5860900,SCHW
2021-09-24,74.02999877929688,75.94000244140625,73.94000244140625,75.58999633789062,75.42156219482422,6437400,SCHW
2021-09-27,76.0,77.68000030517578,75.94000244140625,77.37999725341797,77.20757293701172,6584100,SCHW
2021-09-28,77.5,77.97000122070312,75.44000244140625,76.18000030517578,76.01025390625,8754700,SCHW
2021-09-29,76.48999786376953,76.5,74.7300033569336,75.37999725341797,75.21202850341797,6075700,SCHW
2021-09-30,75.97000122070312,75.97000122070312,72.7699966430664,72.83999633789062,72.67768859863281,7077400,SCHW
2021-10-01,72.97000122070312,74.94000244140625,72.05000305175781,74.41999816894531,74.2541732788086,4814800,SCHW
2021-10-04,74.16999816894531,75.12000274658203,72.91999816894531,73.2300033569336,73.06682586669922,5938700,SCHW
2021-10-05,73.66000366210938,76.55999755859375,73.66000366210938,75.9000015258789,75.73087310791016,7569900,SCHW
2021-10-06,75.0199966430664,76.11000061035156,73.97000122070312,75.70999908447266,75.54129791259766,5731600,SCHW
2021-10-07,76.5,77.75,76.23999786376953,76.38999938964844,76.21977996826172,4560900,SCHW
2021-10-08,76.33000183105469,77.86000061035156,76.19000244140625,77.33999633789062,77.16766357421875,3485100,SCHW
2021-10-11,77.79000091552734,78.94000244140625,76.55000305175781,76.61000061035156,76.43929290771484,4229100,SCHW
2021-10-12,77.08999633789062,77.91999816894531,76.3499984741211,77.2699966430664,77.09781646728516,6138200,SCHW
2021-10-13,77.52999877929688,77.72000122070312,74.91999816894531,76.2699966430664,76.10004425048828,6066000,SCHW
2021-10-14,77.22000122070312,78.37999725341797,76.63999938964844,78.11000061035156,77.93595123291016,4799500,SCHW
2021-10-15,79.41999816894531,81.0,78.36000061035156,80.9000015258789,80.71973419189453,9002100,SCHW
2021-10-18,80.75,81.23999786376953,79.70999908447266,80.55000305175781,80.37051391601562,6323200,SCHW
2021-10-19,80.58999633789062,81.62999725341797,80.2300033569336,81.54000091552734,81.35830688476562,5346500,SCHW
2021-10-20,81.13999938964844,81.80999755859375,80.58000183105469,81.58999633789062,81.40819549560547,6157200,SCHW
2021-10-21,81.5,82.56999969482422,80.73999786376953,82.23999786376953,82.05674743652344,5938000,SCHW
2021-10-22,82.37000274658203,83.73999786376953,82.26000213623047,83.55000305175781,83.36383056640625,5740200,SCHW
2021-10-25,83.69000244140625,84.01000213623047,82.8499984741211,82.88999938964844,82.7052993774414,4213500,SCHW
2021-10-26,83.48999786376953,84.48999786376953,83.0199966430664,83.05999755859375,82.87491607666016,6362400,SCHW
2021-10-27,82.66999816894531,83.7300033569336,81.08999633789062,81.1500015258789,80.96917724609375,6539200,SCHW
2021-10-28,81.51000213623047,82.4000015258789,81.33999633789062,81.98999786376953,81.80730438232422,3579600,SCHW
2021-10-29,82.0,82.70999908447266,81.73999786376953,82.02999877929688,81.84721374511719,4421600,SCHW
2021-11-01,82.55000305175781,82.77999877929688,81.41000366210938,81.87000274658203,81.68757629394531,4095700,SCHW
2021-11-02,81.87999725341797,82.5199966430664,81.37999725341797,81.7699966430664,81.5877914428711,3682600,SCHW
2021-11-03,81.70999908447266,83.8499984741211,81.51000213623047,83.33000183105469,83.14431762695312,7051500,SCHW
2021-11-04,82.94999694824219,83.12999725341797,80.30999755859375,81.44999694824219,81.26850891113281,5782900,SCHW
2021-11-05,82.0999984741211,82.95999908447266,80.81999969482422,81.1500015258789,80.96917724609375,4107600,SCHW
2021-11-08,81.72000122070312,82.66000366210938,81.37999725341797,81.68000030517578,81.49799346923828,3420000,SCHW
2021-11-09,80.9000015258789,81.36000061035156,79.93000030517578,80.77999877929688,80.5999984741211,4193800,SCHW
2021-11-10,80.33000183105469,81.06999969482422,79.81999969482422,80.75,80.75,4739000,SCHW
2021-11-11,81.20999908447266,82.08000183105469,80.56999969482422,81.4000015258789,81.4000015258789,2794800,SCHW
2021-11-12,81.33999633789062,82.31999969482422,80.61000061035156,82.11000061035156,82.11000061035156,4675900,SCHW
2021-11-15,82.48999786376953,82.55000305175781,81.62000274658203,81.91999816894531,81.91999816894531,3302400,SCHW
2021-11-16,81.73999786376953,82.16999816894531,81.05000305175781,81.80999755859375,81.80999755859375,4383200,SCHW
2021-11-17,81.52999877929688,81.75,80.1500015258789,81.41999816894531,81.41999816894531,5613500,SCHW
2021-11-18,81.69999694824219,82.08000183105469,81.22000122070312,81.72000122070312,81.72000122070312,3297500,SCHW
2021-11-19,80.76000213623047,80.98999786376953,78.8499984741211,80.16999816894531,80.16999816894531,6394900,SCHW
2021-11-22,81.22000122070312,83.27999877929688,81.0,81.91999816894531,81.91999816894531,5896200,SCHW
2021-11-23,82.33000183105469,83.12999725341797,81.6500015258789,82.94000244140625,82.94000244140625,4321800,SCHW
2021-11-24,82.38999938964844,83.45999908447266,82.38999938964844,83.13999938964844,83.13999938964844,4725400,SCHW
